Чј,1,2,3,4,5,6,7,8,9,10,11,12,13,14,15,16,17,18,19,20,21,22,23,24,25,26,27,28,29,30,31,32,33,34,35,36,37,38,39,40,41,42,43,44,45,46,47,48,49,50,51,52,53,54,55,56,57,58,59,60,61,62,63,64,65,66,67,68,69,70,71,72,73,74,75,76,77,78,79,80,81,82,83,84,85,86,87,88,89,90,91,92,93,94
1,ЁЁ,ЁЂ,ЁЃ,ЁЄ,ЁЅ,ЁІ,ЁЇ,ЁЈ,ЁЉ,ЁЊ,ЁЋ,ЁЌ,Ё­,ЁЎ,ЁЏ,ЁА,ЁБ,ЁВ,ЁГ,ЁД,ЁЕ,ЁЖ,ЁЗ,ЁИ,ЁЙ,ЁК,ЁЛ,ЁМ,ЁН,ЁО,ЁП,ЁР,ЁС,ЁТ,ЁУ,ЁФ,ЁХ,ЁЦ,ЁЧ,ЁШ,ЁЩ,ЁЪ,ЁЫ,ЁЬ,ЁЭ,ЁЮ,ЁЯ,Ёа,Ёб,Ёв,Ёг,Ёд,Ёе,Ёж,Ёз,Ёи,Ёй,Ёк,Ёл,Ём,Ён,Ёо,Ёп,Ёр,Ёс,Ёт,Ёу,Ёф,Ёх,Ёц,Ёч,Ёш,Ёщ,Ёъ,Ёы,Ёь,Ёэ,Ёю,Ёя,Ё№,Ёё,Ёђ,Ёѓ,Ёє,Ёѕ,Ёі,Ёї,Ёј,Ёљ,Ёњ,Ёћ,Ёќ,Ё§,Ёў
2,ЂЁ,ЂЂ,ЂЃ,ЂЄ,ЂЅ,ЂІ,ЂЇ,ЂЈ,ЂЉ,ЂЊ,ЂЋ,ЂЌ,Ђ­,ЂЎ,ЂЏ,ЂА,ЂБ,ЂВ,ЂГ,ЂД,ЂЕ,ЂЖ,ЂЗ,ЂИ,ЂЙ,ЂК,ЂЛ,ЂМ,ЂН,ЂО,ЂП,ЂР,ЂС,ЂТ,ЂУ,ЂФ,ЂХ,ЂЦ,ЂЧ,ЂШ,ЂЩ,ЂЪ,ЂЫ,ЂЬ,ЂЭ,ЂЮ,ЂЯ,Ђа,Ђб,Ђв,Ђг,Ђд,Ђе,Ђж,Ђз,Ђи,Ђй,Ђк,Ђл,Ђм,Ђн,Ђо,Ђп,Ђр,Ђс,Ђт,Ђу,Ђф,Ђх,Ђц,Ђч,Ђш,Ђщ,Ђъ,Ђы,Ђь,Ђэ,Ђю,Ђя,Ђ№,Ђё,Ђђ,Ђѓ,Ђє,Ђѕ,Ђі,Ђї,Ђј,Ђљ,Ђњ,Ђћ,Ђќ,Ђ§,Ђў
3,ЃЁ,ЃЂ,ЃЃ,ЃЄ,ЃЅ,ЃІ,ЃЇ,ЃЈ,ЃЉ,ЃЊ,ЃЋ,ЃЌ,Ѓ­,ЃЎ,ЃЏ,ЃА,ЃБ,ЃВ,ЃГ,ЃД,ЃЕ,ЃЖ,ЃЗ,ЃИ,ЃЙ,ЃК,ЃЛ,ЃМ,ЃН,ЃО,ЃП,ЃР,ЃС,ЃТ,ЃУ,ЃФ,ЃХ,ЃЦ,ЃЧ,ЃШ,ЃЩ,ЃЪ,ЃЫ,ЃЬ,ЃЭ,ЃЮ,ЃЯ,Ѓа,Ѓб,Ѓв,Ѓг,Ѓд,Ѓе,Ѓж,Ѓз,Ѓи,Ѓй,Ѓк,Ѓл,Ѓм,Ѓн,Ѓо,Ѓп,Ѓр,Ѓс,Ѓт,Ѓу,Ѓф,Ѓх,Ѓц,Ѓч,Ѓш,Ѓщ,Ѓъ,Ѓы,Ѓь,Ѓэ,Ѓю,Ѓя,Ѓ№,Ѓё,Ѓђ,Ѓѓ,Ѓє,Ѓѕ,Ѓі,Ѓї,Ѓј,Ѓљ,Ѓњ,Ѓћ,Ѓќ,Ѓ§,Ѓў
4,ЄЁ,ЄЂ,ЄЃ,ЄЄ,ЄЅ,ЄІ,ЄЇ,ЄЈ,ЄЉ,ЄЊ,ЄЋ,ЄЌ,Є­,ЄЎ,ЄЏ,ЄА,ЄБ,ЄВ,ЄГ,ЄД,ЄЕ,ЄЖ,ЄЗ,ЄИ,ЄЙ,ЄК,ЄЛ,ЄМ,ЄН,ЄО,ЄП,ЄР,ЄС,ЄТ,ЄУ,ЄФ,ЄХ,ЄЦ,ЄЧ,ЄШ,ЄЩ,ЄЪ,ЄЫ,ЄЬ,ЄЭ,ЄЮ,ЄЯ,Єа,Єб,Єв,Єг,Єд,Єе,Єж,Єз,Єи,Єй,Єк,Єл,Єм,Єн,Єо,Єп,Єр,Єс,Єт,Єу,Єф,Єх,Єц,Єч,Єш,Єщ,Єъ,Єы,Єь,Єэ,Єю,Єя,Є№,Єё,Єђ,Єѓ,Єє,Єѕ,Єі,Єї,Єј,Єљ,Єњ,Єћ,Єќ,Є§,Єў
5,ЅЁ,ЅЂ,ЅЃ,ЅЄ,ЅЅ,ЅІ,ЅЇ,ЅЈ,ЅЉ,ЅЊ,ЅЋ,ЅЌ,Ѕ­,ЅЎ,ЅЏ,ЅА,ЅБ,ЅВ,ЅГ,ЅД,ЅЕ,ЅЖ,ЅЗ,ЅИ,ЅЙ,ЅК,ЅЛ,ЅМ,ЅН,ЅО,ЅП,ЅР,ЅС,ЅТ,ЅУ,ЅФ,ЅХ,ЅЦ,ЅЧ,ЅШ,ЅЩ,ЅЪ,ЅЫ,ЅЬ,ЅЭ,ЅЮ,ЅЯ,Ѕа,Ѕб,Ѕв,Ѕг,Ѕд,Ѕе,Ѕж,Ѕз,Ѕи,Ѕй,Ѕк,Ѕл,Ѕм,Ѕн,Ѕо,Ѕп,Ѕр,Ѕс,Ѕт,Ѕу,Ѕф,Ѕх,Ѕц,Ѕч,Ѕш,Ѕщ,Ѕъ,Ѕы,Ѕь,Ѕэ,Ѕю,Ѕя,Ѕ№,Ѕё,Ѕђ,Ѕѓ,Ѕє,Ѕѕ,Ѕі,Ѕї,Ѕј,Ѕљ,Ѕњ,Ѕћ,Ѕќ,Ѕ§,Ѕў
6,ІЁ,ІЂ,ІЃ,ІЄ,ІЅ,ІІ,ІЇ,ІЈ,ІЉ,ІЊ,ІЋ,ІЌ,І­,ІЎ,ІЏ,ІА,ІБ,ІВ,ІГ,ІД,ІЕ,ІЖ,ІЗ,ІИ,ІЙ,ІК,ІЛ,ІМ,ІН,ІО,ІП,ІР,ІС,ІТ,ІУ,ІФ,ІХ,ІЦ,ІЧ,ІШ,ІЩ,ІЪ,ІЫ,ІЬ,ІЭ,ІЮ,ІЯ,Іа,Іб,Ів,Іг,Ід,Іе,Іж,Із,Іи,Ій,Ік,Іл,Ім,Ін,Іо,Іп,Ір,Іс,Іт,Іу,Іф,Іх,Іц,Іч,Іш,Іщ,Іъ,Іы,Іь,Іэ,Ію,Ія,І№,Іё,Іђ,Іѓ,Іє,Іѕ,Іі,Ії,Іј,Іљ,Іњ,Іћ,Іќ,І§,Іў
7,ЇЁ,ЇЂ,ЇЃ,ЇЄ,ЇЅ,ЇІ,ЇЇ,ЇЈ,ЇЉ,ЇЊ,ЇЋ,ЇЌ,Ї­,ЇЎ,ЇЏ,ЇА,ЇБ,ЇВ,ЇГ,ЇД,ЇЕ,ЇЖ,ЇЗ,ЇИ,ЇЙ,ЇК,ЇЛ,ЇМ,ЇН,ЇО,ЇП,ЇР,ЇС,ЇТ,ЇУ,ЇФ,ЇХ,ЇЦ,ЇЧ,ЇШ,ЇЩ,ЇЪ,ЇЫ,ЇЬ,ЇЭ,ЇЮ,ЇЯ,Їа,Їб,Їв,Їг,Їд,Їе,Їж,Їз,Їи,Їй,Їк,Їл,Їм,Їн,Їо,Їп,Їр,Їс,Їт,Їу,Їф,Їх,Їц,Їч,Їш,Їщ,Їъ,Їы,Їь,Їэ,Їю,Їя,Ї№,Їё,Їђ,Їѓ,Їє,Їѕ,Їі,Її,Їј,Їљ,Їњ,Їћ,Їќ,Ї§,Їў
8,ЈЁ,ЈЂ,ЈЃ,ЈЄ,ЈЅ,ЈІ,ЈЇ,ЈЈ,ЈЉ,ЈЊ,ЈЋ,ЈЌ,Ј­,ЈЎ,ЈЏ,ЈА,ЈБ,ЈВ,ЈГ,ЈД,ЈЕ,ЈЖ,ЈЗ,ЈИ,ЈЙ,ЈК,ЈЛ,ЈМ,ЈН,ЈО,ЈП,ЈР,ЈС,ЈТ,ЈУ,ЈФ,ЈХ,ЈЦ,ЈЧ,ЈШ,ЈЩ,ЈЪ,ЈЫ,ЈЬ,ЈЭ,ЈЮ,ЈЯ,Ја,Јб,Јв,Јг,Јд,Је,Јж,Јз,Ји,Јй,Јк,Јл,Јм,Јн,Јо,Јп,Јр,Јс,Јт,Ју,Јф,Јх,Јц,Јч,Јш,Јщ,Јъ,Јы,Јь,Јэ,Јю,Јя,Ј№,Јё,Јђ,Јѓ,Јє,Јѕ,Јі,Јї,Јј,Јљ,Јњ,Јћ,Јќ,Ј§,Јў
9,ЉЁ,ЉЂ,ЉЃ,ЉЄ,ЉЅ,ЉІ,ЉЇ,ЉЈ,ЉЉ,ЉЊ,ЉЋ,ЉЌ,Љ­,ЉЎ,ЉЏ,ЉА,ЉБ,ЉВ,ЉГ,ЉД,ЉЕ,ЉЖ,ЉЗ,ЉИ,ЉЙ,ЉК,ЉЛ,ЉМ,ЉН,ЉО,ЉП,ЉР,ЉС,ЉТ,ЉУ,ЉФ,ЉХ,ЉЦ,ЉЧ,ЉШ,ЉЩ,ЉЪ,ЉЫ,ЉЬ,ЉЭ,ЉЮ,ЉЯ,Ља,Љб,Љв,Љг,Љд,Ље,Љж,Љз,Љи,Љй,Љк,Љл,Љм,Љн,Љо,Љп,Љр,Љс,Љт,Љу,Љф,Љх,Љц,Љч,Љш,Љщ,Љъ,Љы,Љь,Љэ,Љю,Љя,Љ№,Љё,Љђ,Љѓ,Љє,Љѕ,Љі,Љї,Љј,Љљ,Љњ,Љћ,Љќ,Љ§,Љў
10,  ,  ,  ,  ,  ,  ,  ,  ,  ,  ,  ,  ,  ,  ,  ,  ,  ,  ,  ,  ,  ,  ,  ,  ,  ,  ,  ,  ,  ,  ,  ,  ,  ,  ,  ,  ,  ,  ,  ,  ,  ,  ,  ,  ,  ,  ,  ,  ,  ,  ,  ,  ,  ,  ,  ,  ,  ,  ,  ,  ,  ,  ,  ,  ,  ,  ,  ,  ,  ,  ,  ,  ,  ,  ,  ,  ,  ,  ,  ,  ,  ,  ,  ,  ,  ,  ,  ,  ,  ,  ,  ,  ,  ,  

Чј,1,2,3,4,5,6,7,8,9,10,11,12,13,14,15,16,17,18,19,20,21,22,23,24,25,26,27,28,29,30,31,32,33,34,35,36,37,38,39,40,41,42,43,44,45,46,47,48,49,50,51,52,53,54,55,56,57,58,59,60,61,62,63,64,65,66,67,68,69,70,71,72,73,74,75,76,77,78,79,80,81,82,83,84,85,86,87,88,89,90,91,92,93,94
11,  ,  ,  ,  ,  ,  ,  ,  ,  ,  ,  ,  ,  ,  ,  ,  ,  ,  ,  ,  ,  ,  ,  ,  ,  ,  ,  ,  ,  ,  ,  ,  ,  ,  ,  ,  ,  ,  ,  ,  ,  ,  ,  ,  ,  ,  ,  ,  ,  ,  ,  ,  ,  ,  ,  ,  ,  ,  ,  ,  ,  ,  ,  ,  ,  ,  ,  ,  ,  ,  ,  ,  ,  ,  ,  ,  ,  ,  ,  ,  ,  ,  ,  ,  ,  ,  ,  ,  ,  ,  ,  ,  ,  ,  
12,  ,  ,  ,  ,  ,  ,  ,  ,  ,  ,  ,  ,  ,  ,  ,  ,  ,  ,  ,  ,  ,  ,  ,  ,  ,  ,  ,  ,  ,  ,  ,  ,  ,  ,  ,  ,  ,  ,  ,  ,  ,  ,  ,  ,  ,  ,  ,  ,  ,  ,  ,  ,  ,  ,  ,  ,  ,  ,  ,  ,  ,  ,  ,  ,  ,  ,  ,  ,  ,  ,  ,  ,  ,  ,  ,  ,  ,  ,  ,  ,  ,  ,  ,  ,  ,  ,  ,  ,  ,  ,  ,  ,  ,  
13,  ,  ,  ,  ,  ,  ,  ,  ,  ,  ,  ,  ,  ,  ,  ,  ,  ,  ,  ,  ,  ,  ,  ,  ,  ,  ,  ,  ,  ,  ,  ,  ,  ,  ,  ,  ,  ,  ,  ,  ,  ,  ,  ,  ,  ,  ,  ,  ,  ,  ,  ,  ,  ,  ,  ,  ,  ,  ,  ,  ,  ,  ,  ,  ,  ,  ,  ,  ,  ,  ,  ,  ,  ,  ,  ,  ,  ,  ,  ,  ,  ,  ,  ,  ,  ,  ,  ,  ,  ,  ,  ,  ,  ,  
14,  ,  ,  ,  ,  ,  ,  ,  ,  ,  ,  ,  ,  ,  ,  ,  ,  ,  ,  ,  ,  ,  ,  ,  ,  ,  ,  ,  ,  ,  ,  ,  ,  ,  ,  ,  ,  ,  ,  ,  ,  ,  ,  ,  ,  ,  ,  ,  ,  ,  ,  ,  ,  ,  ,  ,  ,  ,  ,  ,  ,  ,  ,  ,  ,  ,  ,  ,  ,  ,  ,  ,  ,  ,  ,  ,  ,  ,  ,  ,  ,  ,  ,  ,  ,  ,  ,  ,  ,  ,  ,  ,  ,  ,  
15,  ,  ,  ,  ,  ,  ,  ,  ,  ,  ,  ,  ,  ,  ,  ,  ,  ,  ,  ,  ,  ,  ,  ,  ,  ,  ,  ,  ,  ,  ,  ,  ,  ,  ,  ,  ,  ,  ,  ,  ,  ,  ,  ,  ,  ,  ,  ,  ,  ,  ,  ,  ,  ,  ,  ,  ,  ,  ,  ,  ,  ,  ,  ,  ,  ,  ,  ,  ,  ,  ,  ,  ,  ,  ,  ,  ,  ,  ,  ,  ,  ,  ,  ,  ,  ,  ,  ,  ,  ,  ,  ,  ,  ,  
16,АЁ,АЂ,АЃ,АЄ,АЅ,АІ,АЇ,АЈ,АЉ,АЊ,АЋ,АЌ,А­,АЎ,АЏ,АА,АБ,АВ,АГ,АД,АЕ,АЖ,АЗ,АИ,АЙ,АК,АЛ,АМ,АН,АО,АП,АР,АС,АТ,АУ,АФ,АХ,АЦ,АЧ,АШ,АЩ,АЪ,АЫ,АЬ,АЭ,АЮ,АЯ,Аа,Аб,Ав,Аг,Ад,Ае,Аж,Аз,Аи,Ай,Ак,Ал,Ам,Ан,Ао,Ап,Ар,Ас,Ат,Ау,Аф,Ах,Ац,Ач,Аш,Ащ,Аъ,Аы,Аь,Аэ,Аю,Ая,А№,Аё,Ађ,Аѓ,Ає,Аѕ,Аі,Аї,Ај,Аљ,Ањ,Аћ,Аќ,А§,Аў
17,БЁ,БЂ,БЃ,БЄ,БЅ,БІ,БЇ,БЈ,БЉ,БЊ,БЋ,БЌ,Б­,БЎ,БЏ,БА,ББ,БВ,БГ,БД,БЕ,БЖ,БЗ,БИ,БЙ,БК,БЛ,БМ,БН,БО,БП,БР,БС,БТ,БУ,БФ,БХ,БЦ,БЧ,БШ,БЩ,БЪ,БЫ,БЬ,БЭ,БЮ,БЯ,Ба,Бб,Бв,Бг,Бд,Бе,Бж,Бз,Би,Бй,Бк,Бл,Бм,Бн,Бо,Бп,Бр,Бс,Бт,Бу,Бф,Бх,Бц,Бч,Бш,Бщ,Бъ,Бы,Бь,Бэ,Бю,Бя,Б№,Бё,Бђ,Бѓ,Бє,Бѕ,Бі,Бї,Бј,Бљ,Бњ,Бћ,Бќ,Б§,Бў
18,ВЁ,ВЂ,ВЃ,ВЄ,ВЅ,ВІ,ВЇ,ВЈ,ВЉ,ВЊ,ВЋ,ВЌ,В­,ВЎ,ВЏ,ВА,ВБ,ВВ,ВГ,ВД,ВЕ,ВЖ,ВЗ,ВИ,ВЙ,ВК,ВЛ,ВМ,ВН,ВО,ВП,ВР,ВС,ВТ,ВУ,ВФ,ВХ,ВЦ,ВЧ,ВШ,ВЩ,ВЪ,ВЫ,ВЬ,ВЭ,ВЮ,ВЯ,Ва,Вб,Вв,Вг,Вд,Ве,Вж,Вз,Ви,Вй,Вк,Вл,Вм,Вн,Во,Вп,Вр,Вс,Вт,Ву,Вф,Вх,Вц,Вч,Вш,Вщ,Въ,Вы,Вь,Вэ,Вю,Вя,В№,Вё,Вђ,Вѓ,Вє,Вѕ,Ві,Вї,Вј,Вљ,Вњ,Вћ,Вќ,В§,Вў
19,ГЁ,ГЂ,ГЃ,ГЄ,ГЅ,ГІ,ГЇ,ГЈ,ГЉ,ГЊ,ГЋ,ГЌ,Г­,ГЎ,ГЏ,ГА,ГБ,ГВ,ГГ,ГД,ГЕ,ГЖ,ГЗ,ГИ,ГЙ,ГК,ГЛ,ГМ,ГН,ГО,ГП,ГР,ГС,ГТ,ГУ,ГФ,ГХ,ГЦ,ГЧ,ГШ,ГЩ,ГЪ,ГЫ,ГЬ,ГЭ,ГЮ,ГЯ,Га,Гб,Гв,Гг,Гд,Ге,Гж,Гз,Ги,Гй,Гк,Гл,Гм,Гн,Го,Гп,Гр,Гс,Гт,Гу,Гф,Гх,Гц,Гч,Гш,Гщ,Гъ,Гы,Гь,Гэ,Гю,Гя,Г№,Гё,Гђ,Гѓ,Гє,Гѕ,Гі,Гї,Гј,Гљ,Гњ,Гћ,Гќ,Г§,Гў
20,ДЁ,ДЂ,ДЃ,ДЄ,ДЅ,ДІ,ДЇ,ДЈ,ДЉ,ДЊ,ДЋ,ДЌ,Д­,ДЎ,ДЏ,ДА,ДБ,ДВ,ДГ,ДД,ДЕ,ДЖ,ДЗ,ДИ,ДЙ,ДК,ДЛ,ДМ,ДН,ДО,ДП,ДР,ДС,ДТ,ДУ,ДФ,ДХ,ДЦ,ДЧ,ДШ,ДЩ,ДЪ,ДЫ,ДЬ,ДЭ,ДЮ,ДЯ,Да,Дб,Дв,Дг,Дд,Де,Дж,Дз,Ди,Дй,Дк,Дл,Дм,Дн,До,Дп,Др,Дс,Дт,Ду,Дф,Дх,Дц,Дч,Дш,Дщ,Дъ,Ды,Дь,Дэ,Дю,Дя,Д№,Дё,Дђ,Дѓ,Дє,Дѕ,Ді,Дї,Дј,Дљ,Дњ,Дћ,Дќ,Д§,Дў

Чј,1,2,3,4,5,6,7,8,9,10,11,12,13,14,15,16,17,18,19,20,21,22,23,24,25,26,27,28,29,30,31,32,33,34,35,36,37,38,39,40,41,42,43,44,45,46,47,48,49,50,51,52,53,54,55,56,57,58,59,60,61,62,63,64,65,66,67,68,69,70,71,72,73,74,75,76,77,78,79,80,81,82,83,84,85,86,87,88,89,90,91,92,93,94
21,ЕЁ,ЕЂ,ЕЃ,ЕЄ,ЕЅ,ЕІ,ЕЇ,ЕЈ,ЕЉ,ЕЊ,ЕЋ,ЕЌ,Е­,ЕЎ,ЕЏ,ЕА,ЕБ,ЕВ,ЕГ,ЕД,ЕЕ,ЕЖ,ЕЗ,ЕИ,ЕЙ,ЕК,ЕЛ,ЕМ,ЕН,ЕО,ЕП,ЕР,ЕС,ЕТ,ЕУ,ЕФ,ЕХ,ЕЦ,ЕЧ,ЕШ,ЕЩ,ЕЪ,ЕЫ,ЕЬ,ЕЭ,ЕЮ,ЕЯ,Еа,Еб,Ев,Ег,Ед,Ее,Еж,Ез,Еи,Ей,Ек,Ел,Ем,Ен,Ео,Еп,Ер,Ес,Ет,Еу,Еф,Ех,Ец,Еч,Еш,Ещ,Еъ,Еы,Еь,Еэ,Ею,Ея,Е№,Её,Еђ,Еѓ,Еє,Еѕ,Еі,Еї,Еј,Ељ,Ењ,Ећ,Еќ,Е§,Еў
22,ЖЁ,ЖЂ,ЖЃ,ЖЄ,ЖЅ,ЖІ,ЖЇ,ЖЈ,ЖЉ,ЖЊ,ЖЋ,ЖЌ,Ж­,ЖЎ,ЖЏ,ЖА,ЖБ,ЖВ,ЖГ,ЖД,ЖЕ,ЖЖ,ЖЗ,ЖИ,ЖЙ,ЖК,ЖЛ,ЖМ,ЖН,ЖО,ЖП,ЖР,ЖС,ЖТ,ЖУ,ЖФ,ЖХ,ЖЦ,ЖЧ,ЖШ,ЖЩ,ЖЪ,ЖЫ,ЖЬ,ЖЭ,ЖЮ,ЖЯ,Жа,Жб,Жв,Жг,Жд,Же,Жж,Жз,Жи,Жй,Жк,Жл,Жм,Жн,Жо,Жп,Жр,Жс,Жт,Жу,Жф,Жх,Жц,Жч,Жш,Жщ,Жъ,Жы,Жь,Жэ,Жю,Жя,Ж№,Жё,Жђ,Жѓ,Жє,Жѕ,Жі,Жї,Жј,Жљ,Жњ,Жћ,Жќ,Ж§,Жў
23,ЗЁ,ЗЂ,ЗЃ,ЗЄ,ЗЅ,ЗІ,ЗЇ,ЗЈ,ЗЉ,ЗЊ,ЗЋ,ЗЌ,З­,ЗЎ,ЗЏ,ЗА,ЗБ,ЗВ,ЗГ,ЗД,ЗЕ,ЗЖ,ЗЗ,ЗИ,ЗЙ,ЗК,ЗЛ,ЗМ,ЗН,ЗО,ЗП,ЗР,ЗС,ЗТ,ЗУ,ЗФ,ЗХ,ЗЦ,ЗЧ,ЗШ,ЗЩ,ЗЪ,ЗЫ,ЗЬ,ЗЭ,ЗЮ,ЗЯ,За,Зб,Зв,Зг,Зд,Зе,Зж,Зз,Зи,Зй,Зк,Зл,Зм,Зн,Зо,Зп,Зр,Зс,Зт,Зу,Зф,Зх,Зц,Зч,Зш,Зщ,Зъ,Зы,Зь,Зэ,Зю,Зя,З№,Зё,Зђ,Зѓ,Зє,Зѕ,Зі,Зї,Зј,Зљ,Зњ,Зћ,Зќ,З§,Зў
24,ИЁ,ИЂ,ИЃ,ИЄ,ИЅ,ИІ,ИЇ,ИЈ,ИЉ,ИЊ,ИЋ,ИЌ,И­,ИЎ,ИЏ,ИА,ИБ,ИВ,ИГ,ИД,ИЕ,ИЖ,ИЗ,ИИ,ИЙ,ИК,ИЛ,ИМ,ИН,ИО,ИП,ИР,ИС,ИТ,ИУ,ИФ,ИХ,ИЦ,ИЧ,ИШ,ИЩ,ИЪ,ИЫ,ИЬ,ИЭ,ИЮ,ИЯ,Иа,Иб,Ив,Иг,Ид,Ие,Иж,Из,Ии,Ий,Ик,Ил,Им,Ин,Ио,Ип,Ир,Ис,Ит,Иу,Иф,Их,Иц,Ич,Иш,Ищ,Иъ,Иы,Иь,Иэ,Ию,Ия,И№,Иё,Иђ,Иѓ,Иє,Иѕ,Иі,Иї,Иј,Иљ,Ињ,Ић,Иќ,И§,Иў
25,ЙЁ,ЙЂ,ЙЃ,ЙЄ,ЙЅ,ЙІ,ЙЇ,ЙЈ,ЙЉ,ЙЊ,ЙЋ,ЙЌ,Й­,ЙЎ,ЙЏ,ЙА,ЙБ,ЙВ,ЙГ,ЙД,ЙЕ,ЙЖ,ЙЗ,ЙИ,ЙЙ,ЙК,ЙЛ,ЙМ,ЙН,ЙО,ЙП,ЙР,ЙС,ЙТ,ЙУ,ЙФ,ЙХ,ЙЦ,ЙЧ,ЙШ,ЙЩ,ЙЪ,ЙЫ,ЙЬ,ЙЭ,ЙЮ,ЙЯ,Йа,Йб,Йв,Йг,Йд,Йе,Йж,Йз,Йи,Йй,Йк,Йл,Йм,Йн,Йо,Йп,Йр,Йс,Йт,Йу,Йф,Йх,Йц,Йч,Йш,Йщ,Йъ,Йы,Йь,Йэ,Йю,Йя,Й№,Йё,Йђ,Йѓ,Йє,Йѕ,Йі,Йї,Йј,Йљ,Йњ,Йћ,Йќ,Й§,Йў
26,КЁ,КЂ,КЃ,КЄ,КЅ,КІ,КЇ,КЈ,КЉ,КЊ,КЋ,КЌ,К­,КЎ,КЏ,КА,КБ,КВ,КГ,КД,КЕ,КЖ,КЗ,КИ,КЙ,КК,КЛ,КМ,КН,КО,КП,КР,КС,КТ,КУ,КФ,КХ,КЦ,КЧ,КШ,КЩ,КЪ,КЫ,КЬ,КЭ,КЮ,КЯ,Ка,Кб,Кв,Кг,Кд,Ке,Кж,Кз,Ки,Кй,Кк,Кл,Км,Кн,Ко,Кп,Кр,Кс,Кт,Ку,Кф,Кх,Кц,Кч,Кш,Кщ,Къ,Кы,Кь,Кэ,Кю,Кя,К№,Кё,Кђ,Кѓ,Кє,Кѕ,Кі,Кї,Кј,Кљ,Књ,Кћ,Кќ,К§,Кў
27,ЛЁ,ЛЂ,ЛЃ,ЛЄ,ЛЅ,ЛІ,ЛЇ,ЛЈ,ЛЉ,ЛЊ,ЛЋ,ЛЌ,Л­,ЛЎ,ЛЏ,ЛА,ЛБ,ЛВ,ЛГ,ЛД,ЛЕ,ЛЖ,ЛЗ,ЛИ,ЛЙ,ЛК,ЛЛ,ЛМ,ЛН,ЛО,ЛП,ЛР,ЛС,ЛТ,ЛУ,ЛФ,ЛХ,ЛЦ,ЛЧ,ЛШ,ЛЩ,ЛЪ,ЛЫ,ЛЬ,ЛЭ,ЛЮ,ЛЯ,Ла,Лб,Лв,Лг,Лд,Ле,Лж,Лз,Ли,Лй,Лк,Лл,Лм,Лн,Ло,Лп,Лр,Лс,Лт,Лу,Лф,Лх,Лц,Лч,Лш,Лщ,Лъ,Лы,Ль,Лэ,Лю,Ля,Л№,Лё,Лђ,Лѓ,Лє,Лѕ,Лі,Лї,Лј,Лљ,Лњ,Лћ,Лќ,Л§,Лў
28,МЁ,МЂ,МЃ,МЄ,МЅ,МІ,МЇ,МЈ,МЉ,МЊ,МЋ,МЌ,М­,МЎ,МЏ,МА,МБ,МВ,МГ,МД,МЕ,МЖ,МЗ,МИ,МЙ,МК,МЛ,ММ,МН,МО,МП,МР,МС,МТ,МУ,МФ,МХ,МЦ,МЧ,МШ,МЩ,МЪ,МЫ,МЬ,МЭ,МЮ,МЯ,Ма,Мб,Мв,Мг,Мд,Ме,Мж,Мз,Ми,Мй,Мк,Мл,Мм,Мн,Мо,Мп,Мр,Мс,Мт,Му,Мф,Мх,Мц,Мч,Мш,Мщ,Мъ,Мы,Мь,Мэ,Мю,Мя,М№,Мё,Мђ,Мѓ,Мє,Мѕ,Мі,Мї,Мј,Мљ,Мњ,Мћ,Мќ,М§,Мў
29,НЁ,НЂ,НЃ,НЄ,НЅ,НІ,НЇ,НЈ,НЉ,НЊ,НЋ,НЌ,Н­,НЎ,НЏ,НА,НБ,НВ,НГ,НД,НЕ,НЖ,НЗ,НИ,НЙ,НК,НЛ,НМ,НН,НО,НП,НР,НС,НТ,НУ,НФ,НХ,НЦ,НЧ,НШ,НЩ,НЪ,НЫ,НЬ,НЭ,НЮ,НЯ,На,Нб,Нв,Нг,Нд,Не,Нж,Нз,Ни,Нй,Нк,Нл,Нм,Нн,Но,Нп,Нр,Нс,Нт,Ну,Нф,Нх,Нц,Нч,Нш,Нщ,Нъ,Ны,Нь,Нэ,Ню,Ня,Н№,Нё,Нђ,Нѓ,Нє,Нѕ,Ні,Нї,Нј,Нљ,Нњ,Нћ,Нќ,Н§,Нў
30,ОЁ,ОЂ,ОЃ,ОЄ,ОЅ,ОІ,ОЇ,ОЈ,ОЉ,ОЊ,ОЋ,ОЌ,О­,ОЎ,ОЏ,ОА,ОБ,ОВ,ОГ,ОД,ОЕ,ОЖ,ОЗ,ОИ,ОЙ,ОК,ОЛ,ОМ,ОН,ОО,ОП,ОР,ОС,ОТ,ОУ,ОФ,ОХ,ОЦ,ОЧ,ОШ,ОЩ,ОЪ,ОЫ,ОЬ,ОЭ,ОЮ,ОЯ,Оа,Об,Ов,Ог,Од,Ое,Ож,Оз,Ои,Ой,Ок,Ол,Ом,Он,Оо,Оп,Ор,Ос,От,Оу,Оф,Ох,Оц,Оч,Ош,Ощ,Оъ,Оы,Оь,Оэ,Ою,Оя,О№,Оё,Ођ,Оѓ,Оє,Оѕ,Оі,Ої,Ој,Ољ,Оњ,Оћ,Оќ,О§,Оў

Чј,1,2,3,4,5,6,7,8,9,10,11,12,13,14,15,16,17,18,19,20,21,22,23,24,25,26,27,28,29,30,31,32,33,34,35,36,37,38,39,40,41,42,43,44,45,46,47,48,49,50,51,52,53,54,55,56,57,58,59,60,61,62,63,64,65,66,67,68,69,70,71,72,73,74,75,76,77,78,79,80,81,82,83,84,85,86,87,88,89,90,91,92,93,94
31,ПЁ,ПЂ,ПЃ,ПЄ,ПЅ,ПІ,ПЇ,ПЈ,ПЉ,ПЊ,ПЋ,ПЌ,П­,ПЎ,ПЏ,ПА,ПБ,ПВ,ПГ,ПД,ПЕ,ПЖ,ПЗ,ПИ,ПЙ,ПК,ПЛ,ПМ,ПН,ПО,ПП,ПР,ПС,ПТ,ПУ,ПФ,ПХ,ПЦ,ПЧ,ПШ,ПЩ,ПЪ,ПЫ,ПЬ,ПЭ,ПЮ,ПЯ,Па,Пб,Пв,Пг,Пд,Пе,Пж,Пз,Пи,Пй,Пк,Пл,Пм,Пн,По,Пп,Пр,Пс,Пт,Пу,Пф,Пх,Пц,Пч,Пш,Пщ,Пъ,Пы,Пь,Пэ,Пю,Пя,П№,Пё,Пђ,Пѓ,Пє,Пѕ,Пі,Пї,Пј,Пљ,Пњ,Пћ,Пќ,П§,Пў
32,РЁ,РЂ,РЃ,РЄ,РЅ,РІ,РЇ,РЈ,РЉ,РЊ,РЋ,РЌ,Р­,РЎ,РЏ,РА,РБ,РВ,РГ,РД,РЕ,РЖ,РЗ,РИ,РЙ,РК,РЛ,РМ,РН,РО,РП,РР,РС,РТ,РУ,РФ,РХ,РЦ,РЧ,РШ,РЩ,РЪ,РЫ,РЬ,РЭ,РЮ,РЯ,Ра,Рб,Рв,Рг,Рд,Ре,Рж,Рз,Ри,Рй,Рк,Рл,Рм,Рн,Ро,Рп,Рр,Рс,Рт,Ру,Рф,Рх,Рц,Рч,Рш,Рщ,Ръ,Ры,Рь,Рэ,Рю,Ря,Р№,Рё,Рђ,Рѓ,Рє,Рѕ,Рі,Рї,Рј,Рљ,Рњ,Рћ,Рќ,Р§,Рў
33,СЁ,СЂ,СЃ,СЄ,СЅ,СІ,СЇ,СЈ,СЉ,СЊ,СЋ,СЌ,С­,СЎ,СЏ,СА,СБ,СВ,СГ,СД,СЕ,СЖ,СЗ,СИ,СЙ,СК,СЛ,СМ,СН,СО,СП,СР,СС,СТ,СУ,СФ,СХ,СЦ,СЧ,СШ,СЩ,СЪ,СЫ,СЬ,СЭ,СЮ,СЯ,Са,Сб,Св,Сг,Сд,Се,Сж,Сз,Си,Сй,Ск,Сл,См,Сн,Со,Сп,Ср,Сс,Ст,Су,Сф,Сх,Сц,Сч,Сш,Сщ,Съ,Сы,Сь,Сэ,Сю,Ся,С№,Сё,Сђ,Сѓ,Сє,Сѕ,Сі,Сї,Сј,Сљ,Сњ,Сћ,Сќ,С§,Сў
34,ТЁ,ТЂ,ТЃ,ТЄ,ТЅ,ТІ,ТЇ,ТЈ,ТЉ,ТЊ,ТЋ,ТЌ,Т­,ТЎ,ТЏ,ТА,ТБ,ТВ,ТГ,ТД,ТЕ,ТЖ,ТЗ,ТИ,ТЙ,ТК,ТЛ,ТМ,ТН,ТО,ТП,ТР,ТС,ТТ,ТУ,ТФ,ТХ,ТЦ,ТЧ,ТШ,ТЩ,ТЪ,ТЫ,ТЬ,ТЭ,ТЮ,ТЯ,Та,Тб,Тв,Тг,Тд,Те,Тж,Тз,Ти,Тй,Тк,Тл,Тм,Тн,То,Тп,Тр,Тс,Тт,Ту,Тф,Тх,Тц,Тч,Тш,Тщ,Тъ,Ты,Ть,Тэ,Тю,Тя,Т№,Тё,Тђ,Тѓ,Тє,Тѕ,Ті,Тї,Тј,Тљ,Тњ,Тћ,Тќ,Т§,Тў
35,УЁ,УЂ,УЃ,УЄ,УЅ,УІ,УЇ,УЈ,УЉ,УЊ,УЋ,УЌ,У­,УЎ,УЏ,УА,УБ,УВ,УГ,УД,УЕ,УЖ,УЗ,УИ,УЙ,УК,УЛ,УМ,УН,УО,УП,УР,УС,УТ,УУ,УФ,УХ,УЦ,УЧ,УШ,УЩ,УЪ,УЫ,УЬ,УЭ,УЮ,УЯ,Уа,Уб,Ув,Уг,Уд,Уе,Уж,Уз,Уи,Уй,Ук,Ул,Ум,Ун,Уо,Уп,Ур,Ус,Ут,Уу,Уф,Ух,Уц,Уч,Уш,Ущ,Уъ,Уы,Уь,Уэ,Ую,Уя,У№,Уё,Уђ,Уѓ,Ує,Уѕ,Уі,Уї,Уј,Уљ,Уњ,Ућ,Уќ,У§,Уў
36,ФЁ,ФЂ,ФЃ,ФЄ,ФЅ,ФІ,ФЇ,ФЈ,ФЉ,ФЊ,ФЋ,ФЌ,Ф­,ФЎ,ФЏ,ФА,ФБ,ФВ,ФГ,ФД,ФЕ,ФЖ,ФЗ,ФИ,ФЙ,ФК,ФЛ,ФМ,ФН,ФО,ФП,ФР,ФС,ФТ,ФУ,ФФ,ФХ,ФЦ,ФЧ,ФШ,ФЩ,ФЪ,ФЫ,ФЬ,ФЭ,ФЮ,ФЯ,Фа,Фб,Фв,Фг,Фд,Фе,Фж,Фз,Фи,Фй,Фк,Фл,Фм,Фн,Фо,Фп,Фр,Фс,Фт,Фу,Фф,Фх,Фц,Фч,Фш,Фщ,Фъ,Фы,Фь,Фэ,Фю,Фя,Ф№,Фё,Фђ,Фѓ,Фє,Фѕ,Фі,Фї,Фј,Фљ,Фњ,Фћ,Фќ,Ф§,Фў
37,ХЁ,ХЂ,ХЃ,ХЄ,ХЅ,ХІ,ХЇ,ХЈ,ХЉ,ХЊ,ХЋ,ХЌ,Х­,ХЎ,ХЏ,ХА,ХБ,ХВ,ХГ,ХД,ХЕ,ХЖ,ХЗ,ХИ,ХЙ,ХК,ХЛ,ХМ,ХН,ХО,ХП,ХР,ХС,ХТ,ХУ,ХФ,ХХ,ХЦ,ХЧ,ХШ,ХЩ,ХЪ,ХЫ,ХЬ,ХЭ,ХЮ,ХЯ,Ха,Хб,Хв,Хг,Хд,Хе,Хж,Хз,Хи,Хй,Хк,Хл,Хм,Хн,Хо,Хп,Хр,Хс,Хт,Ху,Хф,Хх,Хц,Хч,Хш,Хщ,Хъ,Хы,Хь,Хэ,Хю,Хя,Х№,Хё,Хђ,Хѓ,Хє,Хѕ,Хі,Хї,Хј,Хљ,Хњ,Хћ,Хќ,Х§,Хў
38,ЦЁ,ЦЂ,ЦЃ,ЦЄ,ЦЅ,ЦІ,ЦЇ,ЦЈ,ЦЉ,ЦЊ,ЦЋ,ЦЌ,Ц­,ЦЎ,ЦЏ,ЦА,ЦБ,ЦВ,ЦГ,ЦД,ЦЕ,ЦЖ,ЦЗ,ЦИ,ЦЙ,ЦК,ЦЛ,ЦМ,ЦН,ЦО,ЦП,ЦР,ЦС,ЦТ,ЦУ,ЦФ,ЦХ,ЦЦ,ЦЧ,ЦШ,ЦЩ,ЦЪ,ЦЫ,ЦЬ,ЦЭ,ЦЮ,ЦЯ,Ца,Цб,Цв,Цг,Цд,Це,Цж,Цз,Ци,Цй,Цк,Цл,Цм,Цн,Цо,Цп,Цр,Цс,Цт,Цу,Цф,Цх,Цц,Цч,Цш,Цщ,Цъ,Цы,Ць,Цэ,Цю,Ця,Ц№,Цё,Цђ,Цѓ,Цє,Цѕ,Ці,Цї,Цј,Цљ,Цњ,Цћ,Цќ,Ц§,Цў
39,ЧЁ,ЧЂ,ЧЃ,ЧЄ,ЧЅ,ЧІ,ЧЇ,ЧЈ,ЧЉ,ЧЊ,ЧЋ,ЧЌ,Ч­,ЧЎ,ЧЏ,ЧА,ЧБ,ЧВ,ЧГ,ЧД,ЧЕ,ЧЖ,ЧЗ,ЧИ,ЧЙ,ЧК,ЧЛ,ЧМ,ЧН,ЧО,ЧП,ЧР,ЧС,ЧТ,ЧУ,ЧФ,ЧХ,ЧЦ,ЧЧ,ЧШ,ЧЩ,ЧЪ,ЧЫ,ЧЬ,ЧЭ,ЧЮ,ЧЯ,Ча,Чб,Чв,Чг,Чд,Че,Чж,Чз,Чи,Чй,Чк,Чл,Чм,Чн,Чо,Чп,Чр,Чс,Чт,Чу,Чф,Чх,Чц,Чч,Чш,Чщ,Чъ,Чы,Чь,Чэ,Чю,Чя,Ч№,Чё,Чђ,Чѓ,Чє,Чѕ,Чі,Чї,Чј,Чљ,Чњ,Чћ,Чќ,Ч§,Чў
40,ШЁ,ШЂ,ШЃ,ШЄ,ШЅ,ШІ,ШЇ,ШЈ,ШЉ,ШЊ,ШЋ,ШЌ,Ш­,ШЎ,ШЏ,ША,ШБ,ШВ,ШГ,ШД,ШЕ,ШЖ,ШЗ,ШИ,ШЙ,ШК,ШЛ,ШМ,ШН,ШО,ШП,ШР,ШС,ШТ,ШУ,ШФ,ШХ,ШЦ,ШЧ,ШШ,ШЩ,ШЪ,ШЫ,ШЬ,ШЭ,ШЮ,ШЯ,Ша,Шб,Шв,Шг,Шд,Ше,Шж,Шз,Ши,Шй,Шк,Шл,Шм,Шн,Шо,Шп,Шр,Шс,Шт,Шу,Шф,Шх,Шц,Шч,Шш,Шщ,Шъ,Шы,Шь,Шэ,Шю,Шя,Ш№,Шё,Шђ,Шѓ,Шє,Шѕ,Ші,Шї,Шј,Шљ,Шњ,Шћ,Шќ,Ш§,Шў

Чј,1,2,3,4,5,6,7,8,9,10,11,12,13,14,15,16,17,18,19,20,21,22,23,24,25,26,27,28,29,30,31,32,33,34,35,36,37,38,39,40,41,42,43,44,45,46,47,48,49,50,51,52,53,54,55,56,57,58,59,60,61,62,63,64,65,66,67,68,69,70,71,72,73,74,75,76,77,78,79,80,81,82,83,84,85,86,87,88,89,90,91,92,93,94
41,ЩЁ,ЩЂ,ЩЃ,ЩЄ,ЩЅ,ЩІ,ЩЇ,ЩЈ,ЩЉ,ЩЊ,ЩЋ,ЩЌ,Щ­,ЩЎ,ЩЏ,ЩА,ЩБ,ЩВ,ЩГ,ЩД,ЩЕ,ЩЖ,ЩЗ,ЩИ,ЩЙ,ЩК,ЩЛ,ЩМ,ЩН,ЩО,ЩП,ЩР,ЩС,ЩТ,ЩУ,ЩФ,ЩХ,ЩЦ,ЩЧ,ЩШ,ЩЩ,ЩЪ,ЩЫ,ЩЬ,ЩЭ,ЩЮ,ЩЯ,Ща,Щб,Щв,Щг,Щд,Ще,Щж,Щз,Щи,Щй,Щк,Щл,Щм,Щн,Що,Щп,Щр,Щс,Щт,Щу,Щф,Щх,Щц,Щч,Щш,Щщ,Щъ,Щы,Щь,Щэ,Щю,Щя,Щ№,Щё,Щђ,Щѓ,Щє,Щѕ,Щі,Щї,Щј,Щљ,Щњ,Щћ,Щќ,Щ§,Щў
42,ЪЁ,ЪЂ,ЪЃ,ЪЄ,ЪЅ,ЪІ,ЪЇ,ЪЈ,ЪЉ,ЪЊ,ЪЋ,ЪЌ,Ъ­,ЪЎ,ЪЏ,ЪА,ЪБ,ЪВ,ЪГ,ЪД,ЪЕ,ЪЖ,ЪЗ,ЪИ,ЪЙ,ЪК,ЪЛ,ЪМ,ЪН,ЪО,ЪП,ЪР,ЪС,ЪТ,ЪУ,ЪФ,ЪХ,ЪЦ,ЪЧ,ЪШ,ЪЩ,ЪЪ,ЪЫ,ЪЬ,ЪЭ,ЪЮ,ЪЯ,Ъа,Ъб,Ъв,Ъг,Ъд,Ъе,Ъж,Ъз,Ъи,Ъй,Ък,Ъл,Ъм,Ън,Ъо,Ъп,Ър,Ъс,Ът,Ъу,Ъф,Ъх,Ъц,Ъч,Ъш,Ъщ,Ъъ,Ъы,Ъь,Ъэ,Ъю,Ъя,Ъ№,Ъё,Ъђ,Ъѓ,Ъє,Ъѕ,Ъі,Ъї,Ъј,Ъљ,Ъњ,Ъћ,Ъќ,Ъ§,Ъў
43,ЫЁ,ЫЂ,ЫЃ,ЫЄ,ЫЅ,ЫІ,ЫЇ,ЫЈ,ЫЉ,ЫЊ,ЫЋ,ЫЌ,Ы­,ЫЎ,ЫЏ,ЫА,ЫБ,ЫВ,ЫГ,ЫД,ЫЕ,ЫЖ,ЫЗ,ЫИ,ЫЙ,ЫК,ЫЛ,ЫМ,ЫН,ЫО,ЫП,ЫР,ЫС,ЫТ,ЫУ,ЫФ,ЫХ,ЫЦ,ЫЧ,ЫШ,ЫЩ,ЫЪ,ЫЫ,ЫЬ,ЫЭ,ЫЮ,ЫЯ,Ыа,Ыб,Ыв,Ыг,Ыд,Ые,Ыж,Ыз,Ыи,Ый,Ык,Ыл,Ым,Ын,Ыо,Ып,Ыр,Ыс,Ыт,Ыу,Ыф,Ых,Ыц,Ыч,Ыш,Ыщ,Ыъ,Ыы,Ыь,Ыэ,Ыю,Ыя,Ы№,Ыё,Ыђ,Ыѓ,Ыє,Ыѕ,Ыі,Ыї,Ыј,Ыљ,Ыњ,Ыћ,Ыќ,Ы§,Ыў
44,ЬЁ,ЬЂ,ЬЃ,ЬЄ,ЬЅ,ЬІ,ЬЇ,ЬЈ,ЬЉ,ЬЊ,ЬЋ,ЬЌ,Ь­,ЬЎ,ЬЏ,ЬА,ЬБ,ЬВ,ЬГ,ЬД,ЬЕ,ЬЖ,ЬЗ,ЬИ,ЬЙ,ЬК,ЬЛ,ЬМ,ЬН,ЬО,ЬП,ЬР,ЬС,ЬТ,ЬУ,ЬФ,ЬХ,ЬЦ,ЬЧ,ЬШ,ЬЩ,ЬЪ,ЬЫ,ЬЬ,ЬЭ,ЬЮ,ЬЯ,Ьа,Ьб,Ьв,Ьг,Ьд,Ье,Ьж,Ьз,Ьи,Ьй,Ьк,Ьл,Ьм,Ьн,Ьо,Ьп,Ьр,Ьс,Ьт,Ьу,Ьф,Ьх,Ьц,Ьч,Ьш,Ьщ,Ьъ,Ьы,Ьь,Ьэ,Ью,Ья,Ь№,Ьё,Ьђ,Ьѓ,Ьє,Ьѕ,Ьі,Ьї,Ьј,Ьљ,Ьњ,Ьћ,Ьќ,Ь§,Ьў
45,ЭЁ,ЭЂ,ЭЃ,ЭЄ,ЭЅ,ЭІ,ЭЇ,ЭЈ,ЭЉ,ЭЊ,ЭЋ,ЭЌ,Э­,ЭЎ,ЭЏ,ЭА,ЭБ,ЭВ,ЭГ,ЭД,ЭЕ,ЭЖ,ЭЗ,ЭИ,ЭЙ,ЭК,ЭЛ,ЭМ,ЭН,ЭО,ЭП,ЭР,ЭС,ЭТ,ЭУ,ЭФ,ЭХ,ЭЦ,ЭЧ,ЭШ,ЭЩ,ЭЪ,ЭЫ,ЭЬ,ЭЭ,ЭЮ,ЭЯ,Эа,Эб,Эв,Эг,Эд,Эе,Эж,Эз,Эи,Эй,Эк,Эл,Эм,Эн,Эо,Эп,Эр,Эс,Эт,Эу,Эф,Эх,Эц,Эч,Эш,Эщ,Эъ,Эы,Эь,Ээ,Эю,Эя,Э№,Эё,Эђ,Эѓ,Эє,Эѕ,Эі,Эї,Эј,Эљ,Эњ,Эћ,Эќ,Э§,Эў
46,ЮЁ,ЮЂ,ЮЃ,ЮЄ,ЮЅ,ЮІ,ЮЇ,ЮЈ,ЮЉ,ЮЊ,ЮЋ,ЮЌ,Ю­,ЮЎ,ЮЏ,ЮА,ЮБ,ЮВ,ЮГ,ЮД,ЮЕ,ЮЖ,ЮЗ,ЮИ,ЮЙ,ЮК,ЮЛ,ЮМ,ЮН,ЮО,ЮП,ЮР,ЮС,ЮТ,ЮУ,ЮФ,ЮХ,ЮЦ,ЮЧ,ЮШ,ЮЩ,ЮЪ,ЮЫ,ЮЬ,ЮЭ,ЮЮ,ЮЯ,Юа,Юб,Юв,Юг,Юд,Юе,Юж,Юз,Юи,Юй,Юк,Юл,Юм,Юн,Юо,Юп,Юр,Юс,Ют,Юу,Юф,Юх,Юц,Юч,Юш,Ющ,Юъ,Юы,Юь,Юэ,Юю,Юя,Ю№,Юё,Юђ,Юѓ,Ює,Юѕ,Юі,Юї,Юј,Юљ,Юњ,Юћ,Юќ,Ю§,Юў
47,ЯЁ,ЯЂ,ЯЃ,ЯЄ,ЯЅ,ЯІ,ЯЇ,ЯЈ,ЯЉ,ЯЊ,ЯЋ,ЯЌ,Я­,ЯЎ,ЯЏ,ЯА,ЯБ,ЯВ,ЯГ,ЯД,ЯЕ,ЯЖ,ЯЗ,ЯИ,ЯЙ,ЯК,ЯЛ,ЯМ,ЯН,ЯО,ЯП,ЯР,ЯС,ЯТ,ЯУ,ЯФ,ЯХ,ЯЦ,ЯЧ,ЯШ,ЯЩ,ЯЪ,ЯЫ,ЯЬ,ЯЭ,ЯЮ,ЯЯ,Яа,Яб,Яв,Яг,Яд,Яе,Яж,Яз,Яи,Яй,Як,Ял,Ям,Ян,Яо,Яп,Яр,Яс,Ят,Яу,Яф,Ях,Яц,Яч,Яш,Ящ,Яъ,Яы,Яь,Яэ,Яю,Яя,Я№,Яё,Яђ,Яѓ,Яє,Яѕ,Яі,Яї,Яј,Яљ,Яњ,Яћ,Яќ,Я§,Яў
48,аЁ,аЂ,аЃ,аЄ,аЅ,аІ,аЇ,аЈ,аЉ,аЊ,аЋ,аЌ,а­,аЎ,аЏ,аА,аБ,аВ,аГ,аД,аЕ,аЖ,аЗ,аИ,аЙ,аК,аЛ,аМ,аН,аО,аП,аР,аС,аТ,аУ,аФ,аХ,аЦ,аЧ,аШ,аЩ,аЪ,аЫ,аЬ,аЭ,аЮ,аЯ,аа,аб,ав,аг,ад,ае,аж,аз,аи,ай,ак,ал,ам,ан,ао,ап,ар,ас,ат,ау,аф,ах,ац,ач,аш,ащ,аъ,аы,аь,аэ,аю,ая,а№,аё,ађ,аѓ,ає,аѕ,аі,аї,ај,аљ,ањ,аћ,аќ,а§,аў
49,бЁ,бЂ,бЃ,бЄ,бЅ,бІ,бЇ,бЈ,бЉ,бЊ,бЋ,бЌ,б­,бЎ,бЏ,бА,бБ,бВ,бГ,бД,бЕ,бЖ,бЗ,бИ,бЙ,бК,бЛ,бМ,бН,бО,бП,бР,бС,бТ,бУ,бФ,бХ,бЦ,бЧ,бШ,бЩ,бЪ,бЫ,бЬ,бЭ,бЮ,бЯ,ба,бб,бв,бг,бд,бе,бж,бз,би,бй,бк,бл,бм,бн,бо,бп,бр,бс,бт,бу,бф,бх,бц,бч,бш,бщ,бъ,бы,бь,бэ,бю,бя,б№,бё,бђ,бѓ,бє,бѕ,бі,бї,бј,бљ,бњ,бћ,бќ,б§,бў
50,вЁ,вЂ,вЃ,вЄ,вЅ,вІ,вЇ,вЈ,вЉ,вЊ,вЋ,вЌ,в­,вЎ,вЏ,вА,вБ,вВ,вГ,вД,вЕ,вЖ,вЗ,вИ,вЙ,вК,вЛ,вМ,вН,вО,вП,вР,вС,вТ,вУ,вФ,вХ,вЦ,вЧ,вШ,вЩ,вЪ,вЫ,вЬ,вЭ,вЮ,вЯ,ва,вб,вв,вг,вд,ве,вж,вз,ви,вй,вк,вл,вм,вн,во,вп,вр,вс,вт,ву,вф,вх,вц,вч,вш,вщ,въ,вы,вь,вэ,вю,вя,в№,вё,вђ,вѓ,вє,вѕ,ві,вї,вј,вљ,вњ,вћ,вќ,в§,вў

Чј,1,2,3,4,5,6,7,8,9,10,11,12,13,14,15,16,17,18,19,20,21,22,23,24,25,26,27,28,29,30,31,32,33,34,35,36,37,38,39,40,41,42,43,44,45,46,47,48,49,50,51,52,53,54,55,56,57,58,59,60,61,62,63,64,65,66,67,68,69,70,71,72,73,74,75,76,77,78,79,80,81,82,83,84,85,86,87,88,89,90,91,92,93,94
51,гЁ,гЂ,гЃ,гЄ,гЅ,гІ,гЇ,гЈ,гЉ,гЊ,гЋ,гЌ,г­,гЎ,гЏ,гА,гБ,гВ,гГ,гД,гЕ,гЖ,гЗ,гИ,гЙ,гК,гЛ,гМ,гН,гО,гП,гР,гС,гТ,гУ,гФ,гХ,гЦ,гЧ,гШ,гЩ,гЪ,гЫ,гЬ,гЭ,гЮ,гЯ,га,гб,гв,гг,гд,ге,гж,гз,ги,гй,гк,гл,гм,гн,го,гп,гр,гс,гт,гу,гф,гх,гц,гч,гш,гщ,гъ,гы,гь,гэ,гю,гя,г№,гё,гђ,гѓ,гє,гѕ,гі,гї,гј,гљ,гњ,гћ,гќ,г§,гў
52,дЁ,дЂ,дЃ,дЄ,дЅ,дІ,дЇ,дЈ,дЉ,дЊ,дЋ,дЌ,д­,дЎ,дЏ,дА,дБ,дВ,дГ,дД,дЕ,дЖ,дЗ,дИ,дЙ,дК,дЛ,дМ,дН,дО,дП,дР,дС,дТ,дУ,дФ,дХ,дЦ,дЧ,дШ,дЩ,дЪ,дЫ,дЬ,дЭ,дЮ,дЯ,да,дб,дв,дг,дд,де,дж,дз,ди,дй,дк,дл,дм,дн,до,дп,др,дс,дт,ду,дф,дх,дц,дч,дш,дщ,дъ,ды,дь,дэ,дю,дя,д№,дё,дђ,дѓ,дє,дѕ,ді,дї,дј,дљ,дњ,дћ,дќ,д§,дў
53,еЁ,еЂ,еЃ,еЄ,еЅ,еІ,еЇ,еЈ,еЉ,еЊ,еЋ,еЌ,е­,еЎ,еЏ,еА,еБ,еВ,еГ,еД,еЕ,еЖ,еЗ,еИ,еЙ,еК,еЛ,еМ,еН,еО,еП,еР,еС,еТ,еУ,еФ,еХ,еЦ,еЧ,еШ,еЩ,еЪ,еЫ,еЬ,еЭ,еЮ,еЯ,еа,еб,ев,ег,ед,ее,еж,ез,еи,ей,ек,ел,ем,ен,ео,еп,ер,ес,ет,еу,еф,ех,ец,еч,еш,ещ,еъ,еы,еь,еэ,ею,ея,е№,её,еђ,еѓ,еє,еѕ,еі,еї,еј,ељ,ењ,ећ,еќ,е§,еў
54,жЁ,жЂ,жЃ,жЄ,жЅ,жІ,жЇ,жЈ,жЉ,жЊ,жЋ,жЌ,ж­,жЎ,жЏ,жА,жБ,жВ,жГ,жД,жЕ,жЖ,жЗ,жИ,жЙ,жК,жЛ,жМ,жН,жО,жП,жР,жС,жТ,жУ,жФ,жХ,жЦ,жЧ,жШ,жЩ,жЪ,жЫ,жЬ,жЭ,жЮ,жЯ,жа,жб,жв,жг,жд,же,жж,жз,жи,жй,жк,жл,жм,жн,жо,жп,жр,жс,жт,жу,жф,жх,жц,жч,жш,жщ,жъ,жы,жь,жэ,жю,жя,ж№,жё,жђ,жѓ,жє,жѕ,жі,жї,жј,жљ,жњ,жћ,жќ,ж§,жў
55,зЁ,зЂ,зЃ,зЄ,зЅ,зІ,зЇ,зЈ,зЉ,зЊ,зЋ,зЌ,з­,зЎ,зЏ,зА,зБ,зВ,зГ,зД,зЕ,зЖ,зЗ,зИ,зЙ,зК,зЛ,зМ,зН,зО,зП,зР,зС,зТ,зУ,зФ,зХ,зЦ,зЧ,зШ,зЩ,зЪ,зЫ,зЬ,зЭ,зЮ,зЯ,за,зб,зв,зг,зд,зе,зж,зз,зи,зй,зк,зл,зм,зн,зо,зп,зр,зс,зт,зу,зф,зх,зц,зч,зш,зщ,зъ,зы,зь,зэ,зю,зя,з№,зё,зђ,зѓ,зє,зѕ,зі,зї,зј,зљ,  ,  ,  ,  ,  
56,иЁ,иЂ,иЃ,иЄ,иЅ,иІ,иЇ,иЈ,иЉ,иЊ,иЋ,иЌ,и­,иЎ,иЏ,иА,иБ,иВ,иГ,иД,иЕ,иЖ,иЗ,иИ,иЙ,иК,иЛ,иМ,иН,иО,иП,иР,иС,иТ,иУ,иФ,иХ,иЦ,иЧ,иШ,иЩ,иЪ,иЫ,иЬ,иЭ,иЮ,иЯ,иа,иб,ив,иг,ид,ие,иж,из,ии,ий,ик,ил,им,ин,ио,ип,ир,ис,ит,иу,иф,их,иц,ич,иш,ищ,иъ,иы,иь,иэ,ию,ия,и№,иё,иђ,иѓ,иє,иѕ,иі,иї,иј,иљ,ињ,ић,иќ,и§,иў
57,йЁ,йЂ,йЃ,йЄ,йЅ,йІ,йЇ,йЈ,йЉ,йЊ,йЋ,йЌ,й­,йЎ,йЏ,йА,йБ,йВ,йГ,йД,йЕ,йЖ,йЗ,йИ,йЙ,йК,йЛ,йМ,йН,йО,йП,йР,йС,йТ,йУ,йФ,йХ,йЦ,йЧ,йШ,йЩ,йЪ,йЫ,йЬ,йЭ,йЮ,йЯ,йа,йб,йв,йг,йд,йе,йж,йз,йи,йй,йк,йл,йм,йн,йо,йп,йр,йс,йт,йу,йф,йх,йц,йч,йш,йщ,йъ,йы,йь,йэ,йю,йя,й№,йё,йђ,йѓ,йє,йѕ,йі,йї,йј,йљ,йњ,йћ,йќ,й§,йў
58,кЁ,кЂ,кЃ,кЄ,кЅ,кІ,кЇ,кЈ,кЉ,кЊ,кЋ,кЌ,к­,кЎ,кЏ,кА,кБ,кВ,кГ,кД,кЕ,кЖ,кЗ,кИ,кЙ,кК,кЛ,кМ,кН,кО,кП,кР,кС,кТ,кУ,кФ,кХ,кЦ,кЧ,кШ,кЩ,кЪ,кЫ,кЬ,кЭ,кЮ,кЯ,ка,кб,кв,кг,кд,ке,кж,кз,ки,кй,кк,кл,км,кн,ко,кп,кр,кс,кт,ку,кф,кх,кц,кч,кш,кщ,къ,кы,кь,кэ,кю,кя,к№,кё,кђ,кѓ,кє,кѕ,кі,кї,кј,кљ,књ,кћ,кќ,к§,кў
59,лЁ,лЂ,лЃ,лЄ,лЅ,лІ,лЇ,лЈ,лЉ,лЊ,лЋ,лЌ,л­,лЎ,лЏ,лА,лБ,лВ,лГ,лД,лЕ,лЖ,лЗ,лИ,лЙ,лК,лЛ,лМ,лН,лО,лП,лР,лС,лТ,лУ,лФ,лХ,лЦ,лЧ,лШ,лЩ,лЪ,лЫ,лЬ,лЭ,лЮ,лЯ,ла,лб,лв,лг,лд,ле,лж,лз,ли,лй,лк,лл,лм,лн,ло,лп,лр,лс,лт,лу,лф,лх,лц,лч,лш,лщ,лъ,лы,ль,лэ,лю,ля,л№,лё,лђ,лѓ,лє,лѕ,лі,лї,лј,лљ,лњ,лћ,лќ,л§,лў
60,мЁ,мЂ,мЃ,мЄ,мЅ,мІ,мЇ,мЈ,мЉ,мЊ,мЋ,мЌ,м­,мЎ,мЏ,мА,мБ,мВ,мГ,мД,мЕ,мЖ,мЗ,мИ,мЙ,мК,мЛ,мМ,мН,мО,мП,мР,мС,мТ,мУ,мФ,мХ,мЦ,мЧ,мШ,мЩ,мЪ,мЫ,мЬ,мЭ,мЮ,мЯ,ма,мб,мв,мг,мд,ме,мж,мз,ми,мй,мк,мл,мм,мн,мо,мп,мр,мс,мт,му,мф,мх,мц,мч,мш,мщ,мъ,мы,мь,мэ,мю,мя,м№,мё,мђ,мѓ,мє,мѕ,мі,мї,мј,мљ,мњ,мћ,мќ,м§,мў

Чј,1,2,3,4,5,6,7,8,9,10,11,12,13,14,15,16,17,18,19,20,21,22,23,24,25,26,27,28,29,30,31,32,33,34,35,36,37,38,39,40,41,42,43,44,45,46,47,48,49,50,51,52,53,54,55,56,57,58,59,60,61,62,63,64,65,66,67,68,69,70,71,72,73,74,75,76,77,78,79,80,81,82,83,84,85,86,87,88,89,90,91,92,93,94
61,нЁ,нЂ,нЃ,нЄ,нЅ,нІ,нЇ,нЈ,нЉ,нЊ,нЋ,нЌ,н­,нЎ,нЏ,нА,нБ,нВ,нГ,нД,нЕ,нЖ,нЗ,нИ,нЙ,нК,нЛ,нМ,нН,нО,нП,нР,нС,нТ,нУ,нФ,нХ,нЦ,нЧ,нШ,нЩ,нЪ,нЫ,нЬ,нЭ,нЮ,нЯ,на,нб,нв,нг,нд,не,нж,нз,ни,нй,нк,нл,нм,нн,но,нп,нр,нс,нт,ну,нф,нх,нц,нч,нш,нщ,нъ,ны,нь,нэ,ню,ня,н№,нё,нђ,нѓ,нє,нѕ,ні,нї,нј,нљ,нњ,нћ,нќ,н§,нў
62,оЁ,оЂ,оЃ,оЄ,оЅ,оІ,оЇ,оЈ,оЉ,оЊ,оЋ,оЌ,о­,оЎ,оЏ,оА,оБ,оВ,оГ,оД,оЕ,оЖ,оЗ,оИ,оЙ,оК,оЛ,оМ,оН,оО,оП,оР,оС,оТ,оУ,оФ,оХ,оЦ,оЧ,оШ,оЩ,оЪ,оЫ,оЬ,оЭ,оЮ,оЯ,оа,об,ов,ог,од,ое,ож,оз,ои,ой,ок,ол,ом,он,оо,оп,ор,ос,от,оу,оф,ох,оц,оч,ош,ощ,оъ,оы,оь,оэ,ою,оя,о№,оё,ођ,оѓ,оє,оѕ,оі,ої,ој,ољ,оњ,оћ,оќ,о§,оў
63,пЁ,пЂ,пЃ,пЄ,пЅ,пІ,пЇ,пЈ,пЉ,пЊ,пЋ,пЌ,п­,пЎ,пЏ,пА,пБ,пВ,пГ,пД,пЕ,пЖ,пЗ,пИ,пЙ,пК,пЛ,пМ,пН,пО,пП,пР,пС,пТ,пУ,пФ,пХ,пЦ,пЧ,пШ,пЩ,пЪ,пЫ,пЬ,пЭ,пЮ,пЯ,па,пб,пв,пг,пд,пе,пж,пз,пи,пй,пк,пл,пм,пн,по,пп,пр,пс,пт,пу,пф,пх,пц,пч,пш,пщ,пъ,пы,пь,пэ,пю,пя,п№,пё,пђ,пѓ,пє,пѕ,пі,пї,пј,пљ,пњ,пћ,пќ,п§,пў
64,рЁ,рЂ,рЃ,рЄ,рЅ,рІ,рЇ,рЈ,рЉ,рЊ,рЋ,рЌ,р­,рЎ,рЏ,рА,рБ,рВ,рГ,рД,рЕ,рЖ,рЗ,рИ,рЙ,рК,рЛ,рМ,рН,рО,рП,рР,рС,рТ,рУ,рФ,рХ,рЦ,рЧ,рШ,рЩ,рЪ,рЫ,рЬ,рЭ,рЮ,рЯ,ра,рб,рв,рг,рд,ре,рж,рз,ри,рй,рк,рл,рм,рн,ро,рп,рр,рс,рт,ру,рф,рх,рц,рч,рш,рщ,ръ,ры,рь,рэ,рю,ря,р№,рё,рђ,рѓ,рє,рѕ,рі,рї,рј,рљ,рњ,рћ,рќ,р§,рў
65,сЁ,сЂ,сЃ,сЄ,сЅ,сІ,сЇ,сЈ,сЉ,сЊ,сЋ,сЌ,с­,сЎ,сЏ,сА,сБ,сВ,сГ,сД,сЕ,сЖ,сЗ,сИ,сЙ,сК,сЛ,сМ,сН,сО,сП,сР,сС,сТ,сУ,сФ,сХ,сЦ,сЧ,сШ,сЩ,сЪ,сЫ,сЬ,сЭ,сЮ,сЯ,са,сб,св,сг,сд,се,сж,сз,си,сй,ск,сл,см,сн,со,сп,ср,сс,ст,су,сф,сх,сц,сч,сш,сщ,съ,сы,сь,сэ,сю,ся,с№,сё,сђ,сѓ,сє,сѕ,сі,сї,сј,сљ,сњ,сћ,сќ,с§,сў
66,тЁ,тЂ,тЃ,тЄ,тЅ,тІ,тЇ,тЈ,тЉ,тЊ,тЋ,тЌ,т­,тЎ,тЏ,тА,тБ,тВ,тГ,тД,тЕ,тЖ,тЗ,тИ,тЙ,тК,тЛ,тМ,тН,тО,тП,тР,тС,тТ,тУ,тФ,тХ,тЦ,тЧ,тШ,тЩ,тЪ,тЫ,тЬ,тЭ,тЮ,тЯ,та,тб,тв,тг,тд,те,тж,тз,ти,тй,тк,тл,тм,тн,то,тп,тр,тс,тт,ту,тф,тх,тц,тч,тш,тщ,тъ,ты,ть,тэ,тю,тя,т№,тё,тђ,тѓ,тє,тѕ,ті,тї,тј,тљ,тњ,тћ,тќ,т§,тў
67,уЁ,уЂ,уЃ,уЄ,уЅ,уІ,уЇ,уЈ,уЉ,уЊ,уЋ,уЌ,у­,уЎ,уЏ,уА,уБ,уВ,уГ,уД,уЕ,уЖ,уЗ,уИ,уЙ,уК,уЛ,уМ,уН,уО,уП,уР,уС,уТ,уУ,уФ,уХ,уЦ,уЧ,уШ,уЩ,уЪ,уЫ,уЬ,уЭ,уЮ,уЯ,уа,уб,ув,уг,уд,уе,уж,уз,уи,уй,ук,ул,ум,ун,уо,уп,ур,ус,ут,уу,уф,ух,уц,уч,уш,ущ,уъ,уы,уь,уэ,ую,уя,у№,уё,уђ,уѓ,ує,уѕ,уі,уї,уј,уљ,уњ,ућ,уќ,у§,уў
68,фЁ,фЂ,фЃ,фЄ,фЅ,фІ,фЇ,фЈ,фЉ,фЊ,фЋ,фЌ,ф­,фЎ,фЏ,фА,фБ,фВ,фГ,фД,фЕ,фЖ,фЗ,фИ,фЙ,фК,фЛ,фМ,фН,фО,фП,фР,фС,фТ,фУ,фФ,фХ,фЦ,фЧ,фШ,фЩ,фЪ,фЫ,фЬ,фЭ,фЮ,фЯ,фа,фб,фв,фг,фд,фе,фж,фз,фи,фй,фк,фл,фм,фн,фо,фп,фр,фс,фт,фу,фф,фх,фц,фч,фш,фщ,фъ,фы,фь,фэ,фю,фя,ф№,фё,фђ,фѓ,фє,фѕ,фі,фї,фј,фљ,фњ,фћ,фќ,ф§,фў
69,хЁ,хЂ,хЃ,хЄ,хЅ,хІ,хЇ,хЈ,хЉ,хЊ,хЋ,хЌ,х­,хЎ,хЏ,хА,хБ,хВ,хГ,хД,хЕ,хЖ,хЗ,хИ,хЙ,хК,хЛ,хМ,хН,хО,хП,хР,хС,хТ,хУ,хФ,хХ,хЦ,хЧ,хШ,хЩ,хЪ,хЫ,хЬ,хЭ,хЮ,хЯ,ха,хб,хв,хг,хд,хе,хж,хз,хи,хй,хк,хл,хм,хн,хо,хп,хр,хс,хт,ху,хф,хх,хц,хч,хш,хщ,хъ,хы,хь,хэ,хю,хя,х№,хё,хђ,хѓ,хє,хѕ,хі,хї,хј,хљ,хњ,хћ,хќ,х§,хў
70,цЁ,цЂ,цЃ,цЄ,цЅ,цІ,цЇ,цЈ,цЉ,цЊ,цЋ,цЌ,ц­,цЎ,цЏ,цА,цБ,цВ,цГ,цД,цЕ,цЖ,цЗ,цИ,цЙ,цК,цЛ,цМ,цН,цО,цП,цР,цС,цТ,цУ,цФ,цХ,цЦ,цЧ,цШ,цЩ,цЪ,цЫ,цЬ,цЭ,цЮ,цЯ,ца,цб,цв,цг,цд,це,цж,цз,ци,цй,цк,цл,цм,цн,цо,цп,цр,цс,цт,цу,цф,цх,цц,цч,цш,цщ,цъ,цы,ць,цэ,цю,ця,ц№,цё,цђ,цѓ,цє,цѕ,ці,цї,цј,цљ,цњ,цћ,цќ,ц§,цў

Чј,1,2,3,4,5,6,7,8,9,10,11,12,13,14,15,16,17,18,19,20,21,22,23,24,25,26,27,28,29,30,31,32,33,34,35,36,37,38,39,40,41,42,43,44,45,46,47,48,49,50,51,52,53,54,55,56,57,58,59,60,61,62,63,64,65,66,67,68,69,70,71,72,73,74,75,76,77,78,79,80,81,82,83,84,85,86,87,88,89,90,91,92,93,94
71,чЁ,чЂ,чЃ,чЄ,чЅ,чІ,чЇ,чЈ,чЉ,чЊ,чЋ,чЌ,ч­,чЎ,чЏ,чА,чБ,чВ,чГ,чД,чЕ,чЖ,чЗ,чИ,чЙ,чК,чЛ,чМ,чН,чО,чП,чР,чС,чТ,чУ,чФ,чХ,чЦ,чЧ,чШ,чЩ,чЪ,чЫ,чЬ,чЭ,чЮ,чЯ,ча,чб,чв,чг,чд,че,чж,чз,чи,чй,чк,чл,чм,чн,чо,чп,чр,чс,чт,чу,чф,чх,чц,чч,чш,чщ,чъ,чы,чь,чэ,чю,чя,ч№,чё,чђ,чѓ,чє,чѕ,чі,чї,чј,чљ,чњ,чћ,чќ,ч§,чў
72,шЁ,шЂ,шЃ,шЄ,шЅ,шІ,шЇ,шЈ,шЉ,шЊ,шЋ,шЌ,ш­,шЎ,шЏ,шА,шБ,шВ,шГ,шД,шЕ,шЖ,шЗ,шИ,шЙ,шК,шЛ,шМ,шН,шО,шП,шР,шС,шТ,шУ,шФ,шХ,шЦ,шЧ,шШ,шЩ,шЪ,шЫ,шЬ,шЭ,шЮ,шЯ,ша,шб,шв,шг,шд,ше,шж,шз,ши,шй,шк,шл,шм,шн,шо,шп,шр,шс,шт,шу,шф,шх,шц,шч,шш,шщ,шъ,шы,шь,шэ,шю,шя,ш№,шё,шђ,шѓ,шє,шѕ,ші,шї,шј,шљ,шњ,шћ,шќ,ш§,шў
73,щЁ,щЂ,щЃ,щЄ,щЅ,щІ,щЇ,щЈ,щЉ,щЊ,щЋ,щЌ,щ­,щЎ,щЏ,щА,щБ,щВ,щГ,щД,щЕ,щЖ,щЗ,щИ,щЙ,щК,щЛ,щМ,щН,щО,щП,щР,щС,щТ,щУ,щФ,щХ,щЦ,щЧ,щШ,щЩ,щЪ,щЫ,щЬ,щЭ,щЮ,щЯ,ща,щб,щв,щг,щд,ще,щж,щз,щи,щй,щк,щл,щм,щн,що,щп,щр,щс,щт,щу,щф,щх,щц,щч,щш,щщ,щъ,щы,щь,щэ,щю,щя,щ№,щё,щђ,щѓ,щє,щѕ,щі,щї,щј,щљ,щњ,щћ,щќ,щ§,щў
74,ъЁ,ъЂ,ъЃ,ъЄ,ъЅ,ъІ,ъЇ,ъЈ,ъЉ,ъЊ,ъЋ,ъЌ,ъ­,ъЎ,ъЏ,ъА,ъБ,ъВ,ъГ,ъД,ъЕ,ъЖ,ъЗ,ъИ,ъЙ,ъК,ъЛ,ъМ,ъН,ъО,ъП,ъР,ъС,ъТ,ъУ,ъФ,ъХ,ъЦ,ъЧ,ъШ,ъЩ,ъЪ,ъЫ,ъЬ,ъЭ,ъЮ,ъЯ,ъа,ъб,ъв,ъг,ъд,ъе,ъж,ъз,ъи,ъй,ък,ъл,ъм,ън,ъо,ъп,ър,ъс,ът,ъу,ъф,ъх,ъц,ъч,ъш,ъщ,ъъ,ъы,ъь,ъэ,ъю,ъя,ъ№,ъё,ъђ,ъѓ,ъє,ъѕ,ъі,ъї,ъј,ъљ,ъњ,ъћ,ъќ,ъ§,ъў
75,ыЁ,ыЂ,ыЃ,ыЄ,ыЅ,ыІ,ыЇ,ыЈ,ыЉ,ыЊ,ыЋ,ыЌ,ы­,ыЎ,ыЏ,ыА,ыБ,ыВ,ыГ,ыД,ыЕ,ыЖ,ыЗ,ыИ,ыЙ,ыК,ыЛ,ыМ,ыН,ыО,ыП,ыР,ыС,ыТ,ыУ,ыФ,ыХ,ыЦ,ыЧ,ыШ,ыЩ,ыЪ,ыЫ,ыЬ,ыЭ,ыЮ,ыЯ,ыа,ыб,ыв,ыг,ыд,ые,ыж,ыз,ыи,ый,ык,ыл,ым,ын,ыо,ып,ыр,ыс,ыт,ыу,ыф,ых,ыц,ыч,ыш,ыщ,ыъ,ыы,ыь,ыэ,ыю,ыя,ы№,ыё,ыђ,ыѓ,ыє,ыѕ,ыі,ыї,ыј,ыљ,ыњ,ыћ,ыќ,ы§,ыў
76,ьЁ,ьЂ,ьЃ,ьЄ,ьЅ,ьІ,ьЇ,ьЈ,ьЉ,ьЊ,ьЋ,ьЌ,ь­,ьЎ,ьЏ,ьА,ьБ,ьВ,ьГ,ьД,ьЕ,ьЖ,ьЗ,ьИ,ьЙ,ьК,ьЛ,ьМ,ьН,ьО,ьП,ьР,ьС,ьТ,ьУ,ьФ,ьХ,ьЦ,ьЧ,ьШ,ьЩ,ьЪ,ьЫ,ьЬ,ьЭ,ьЮ,ьЯ,ьа,ьб,ьв,ьг,ьд,ье,ьж,ьз,ьи,ьй,ьк,ьл,ьм,ьн,ьо,ьп,ьр,ьс,ьт,ьу,ьф,ьх,ьц,ьч,ьш,ьщ,ьъ,ьы,ьь,ьэ,ью,ья,ь№,ьё,ьђ,ьѓ,ьє,ьѕ,ьі,ьї,ьј,ьљ,ьњ,ьћ,ьќ,ь§,ьў
77,эЁ,эЂ,эЃ,эЄ,эЅ,эІ,эЇ,эЈ,эЉ,эЊ,эЋ,эЌ,э­,эЎ,эЏ,эА,эБ,эВ,эГ,эД,эЕ,эЖ,эЗ,эИ,эЙ,эК,эЛ,эМ,эН,эО,эП,эР,эС,эТ,эУ,эФ,эХ,эЦ,эЧ,эШ,эЩ,эЪ,эЫ,эЬ,эЭ,эЮ,эЯ,эа,эб,эв,эг,эд,эе,эж,эз,эи,эй,эк,эл,эм,эн,эо,эп,эр,эс,эт,эу,эф,эх,эц,эч,эш,эщ,эъ,эы,эь,ээ,эю,эя,э№,эё,эђ,эѓ,эє,эѕ,эі,эї,эј,эљ,эњ,эћ,эќ,э§,эў
78,юЁ,юЂ,юЃ,юЄ,юЅ,юІ,юЇ,юЈ,юЉ,юЊ,юЋ,юЌ,ю­,юЎ,юЏ,юА,юБ,юВ,юГ,юД,юЕ,юЖ,юЗ,юИ,юЙ,юК,юЛ,юМ,юН,юО,юП,юР,юС,юТ,юУ,юФ,юХ,юЦ,юЧ,юШ,юЩ,юЪ,юЫ,юЬ,юЭ,юЮ,юЯ,юа,юб,юв,юг,юд,юе,юж,юз,юи,юй,юк,юл,юм,юн,юо,юп,юр,юс,ют,юу,юф,юх,юц,юч,юш,ющ,юъ,юы,юь,юэ,юю,юя,ю№,юё,юђ,юѓ,ює,юѕ,юі,юї,юј,юљ,юњ,юћ,юќ,ю§,юў
79,яЁ,яЂ,яЃ,яЄ,яЅ,яІ,яЇ,яЈ,яЉ,яЊ,яЋ,яЌ,я­,яЎ,яЏ,яА,яБ,яВ,яГ,яД,яЕ,яЖ,яЗ,яИ,яЙ,яК,яЛ,яМ,яН,яО,яП,яР,яС,яТ,яУ,яФ,яХ,яЦ,яЧ,яШ,яЩ,яЪ,яЫ,яЬ,яЭ,яЮ,яЯ,яа,яб,яв,яг,яд,яе,яж,яз,яи,яй,як,ял,ям,ян,яо,яп,яр,яс,ят,яу,яф,ях,яц,яч,яш,ящ,яъ,яы,яь,яэ,яю,яя,я№,яё,яђ,яѓ,яє,яѕ,яі,яї,яј,яљ,яњ,яћ,яќ,я§,яў
80,№Ё,№Ђ,№Ѓ,№Є,№Ѕ,№І,№Ї,№Ј,№Љ,№Њ,№Ћ,№Ќ,№­,№Ў,№Џ,№А,№Б,№В,№Г,№Д,№Е,№Ж,№З,№И,№Й,№К,№Л,№М,№Н,№О,№П,№Р,№С,№Т,№У,№Ф,№Х,№Ц,№Ч,№Ш,№Щ,№Ъ,№Ы,№Ь,№Э,№Ю,№Я,№а,№б,№в,№г,№д,№е,№ж,№з,№и,№й,№к,№л,№м,№н,№о,№п,№р,№с,№т,№у,№ф,№х,№ц,№ч,№ш,№щ,№ъ,№ы,№ь,№э,№ю,№я,№№,№ё,№ђ,№ѓ,№є,№ѕ,№і,№ї,№ј,№љ,№њ,№ћ,№ќ,№§,№ў

Чј,1,2,3,4,5,6,7,8,9,10,11,12,13,14,15,16,17,18,19,20,21,22,23,24,25,26,27,28,29,30,31,32,33,34,35,36,37,38,39,40,41,42,43,44,45,46,47,48,49,50,51,52,53,54,55,56,57,58,59,60,61,62,63,64,65,66,67,68,69,70,71,72,73,74,75,76,77,78,79,80,81,82,83,84,85,86,87,88,89,90,91,92,93,94
81,ёЁ,ёЂ,ёЃ,ёЄ,ёЅ,ёІ,ёЇ,ёЈ,ёЉ,ёЊ,ёЋ,ёЌ,ё­,ёЎ,ёЏ,ёА,ёБ,ёВ,ёГ,ёД,ёЕ,ёЖ,ёЗ,ёИ,ёЙ,ёК,ёЛ,ёМ,ёН,ёО,ёП,ёР,ёС,ёТ,ёУ,ёФ,ёХ,ёЦ,ёЧ,ёШ,ёЩ,ёЪ,ёЫ,ёЬ,ёЭ,ёЮ,ёЯ,ёа,ёб,ёв,ёг,ёд,ёе,ёж,ёз,ёи,ёй,ёк,ёл,ём,ён,ёо,ёп,ёр,ёс,ёт,ёу,ёф,ёх,ёц,ёч,ёш,ёщ,ёъ,ёы,ёь,ёэ,ёю,ёя,ё№,ёё,ёђ,ёѓ,ёє,ёѕ,ёі,ёї,ёј,ёљ,ёњ,ёћ,ёќ,ё§,ёў
82,ђЁ,ђЂ,ђЃ,ђЄ,ђЅ,ђІ,ђЇ,ђЈ,ђЉ,ђЊ,ђЋ,ђЌ,ђ­,ђЎ,ђЏ,ђА,ђБ,ђВ,ђГ,ђД,ђЕ,ђЖ,ђЗ,ђИ,ђЙ,ђК,ђЛ,ђМ,ђН,ђО,ђП,ђР,ђС,ђТ,ђУ,ђФ,ђХ,ђЦ,ђЧ,ђШ,ђЩ,ђЪ,ђЫ,ђЬ,ђЭ,ђЮ,ђЯ,ђа,ђб,ђв,ђг,ђд,ђе,ђж,ђз,ђи,ђй,ђк,ђл,ђм,ђн,ђо,ђп,ђр,ђс,ђт,ђу,ђф,ђх,ђц,ђч,ђш,ђщ,ђъ,ђы,ђь,ђэ,ђю,ђя,ђ№,ђё,ђђ,ђѓ,ђє,ђѕ,ђі,ђї,ђј,ђљ,ђњ,ђћ,ђќ,ђ§,ђў
83,ѓЁ,ѓЂ,ѓЃ,ѓЄ,ѓЅ,ѓІ,ѓЇ,ѓЈ,ѓЉ,ѓЊ,ѓЋ,ѓЌ,ѓ­,ѓЎ,ѓЏ,ѓА,ѓБ,ѓВ,ѓГ,ѓД,ѓЕ,ѓЖ,ѓЗ,ѓИ,ѓЙ,ѓК,ѓЛ,ѓМ,ѓН,ѓО,ѓП,ѓР,ѓС,ѓТ,ѓУ,ѓФ,ѓХ,ѓЦ,ѓЧ,ѓШ,ѓЩ,ѓЪ,ѓЫ,ѓЬ,ѓЭ,ѓЮ,ѓЯ,ѓа,ѓб,ѓв,ѓг,ѓд,ѓе,ѓж,ѓз,ѓи,ѓй,ѓк,ѓл,ѓм,ѓн,ѓо,ѓп,ѓр,ѓс,ѓт,ѓу,ѓф,ѓх,ѓц,ѓч,ѓш,ѓщ,ѓъ,ѓы,ѓь,ѓэ,ѓю,ѓя,ѓ№,ѓё,ѓђ,ѓѓ,ѓє,ѓѕ,ѓі,ѓї,ѓј,ѓљ,ѓњ,ѓћ,ѓќ,ѓ§,ѓў
84,єЁ,єЂ,єЃ,єЄ,єЅ,єІ,єЇ,єЈ,єЉ,єЊ,єЋ,єЌ,є­,єЎ,єЏ,єА,єБ,єВ,єГ,єД,єЕ,єЖ,єЗ,єИ,єЙ,єК,єЛ,єМ,єН,єО,єП,єР,єС,єТ,єУ,єФ,єХ,єЦ,єЧ,єШ,єЩ,єЪ,єЫ,єЬ,єЭ,єЮ,єЯ,єа,єб,єв,єг,єд,єе,єж,єз,єи,єй,єк,єл,єм,єн,єо,єп,єр,єс,єт,єу,єф,єх,єц,єч,єш,єщ,єъ,єы,єь,єэ,єю,єя,є№,єё,єђ,єѓ,єє,єѕ,єі,єї,єј,єљ,єњ,єћ,єќ,є§,єў
85,ѕЁ,ѕЂ,ѕЃ,ѕЄ,ѕЅ,ѕІ,ѕЇ,ѕЈ,ѕЉ,ѕЊ,ѕЋ,ѕЌ,ѕ­,ѕЎ,ѕЏ,ѕА,ѕБ,ѕВ,ѕГ,ѕД,ѕЕ,ѕЖ,ѕЗ,ѕИ,ѕЙ,ѕК,ѕЛ,ѕМ,ѕН,ѕО,ѕП,ѕР,ѕС,ѕТ,ѕУ,ѕФ,ѕХ,ѕЦ,ѕЧ,ѕШ,ѕЩ,ѕЪ,ѕЫ,ѕЬ,ѕЭ,ѕЮ,ѕЯ,ѕа,ѕб,ѕв,ѕг,ѕд,ѕе,ѕж,ѕз,ѕи,ѕй,ѕк,ѕл,ѕм,ѕн,ѕо,ѕп,ѕр,ѕс,ѕт,ѕу,ѕф,ѕх,ѕц,ѕч,ѕш,ѕщ,ѕъ,ѕы,ѕь,ѕэ,ѕю,ѕя,ѕ№,ѕё,ѕђ,ѕѓ,ѕє,ѕѕ,ѕі,ѕї,ѕј,ѕљ,ѕњ,ѕћ,ѕќ,ѕ§,ѕў
86,іЁ,іЂ,іЃ,іЄ,іЅ,іІ,іЇ,іЈ,іЉ,іЊ,іЋ,іЌ,і­,іЎ,іЏ,іА,іБ,іВ,іГ,іД,іЕ,іЖ,іЗ,іИ,іЙ,іК,іЛ,іМ,іН,іО,іП,іР,іС,іТ,іУ,іФ,іХ,іЦ,іЧ,іШ,іЩ,іЪ,іЫ,іЬ,іЭ,іЮ,іЯ,іа,іб,ів,іг,ід,іе,іж,із,іи,ій,ік,іл,ім,ін,іо,іп,ір,іс,іт,іу,іф,іх,іц,іч,іш,іщ,іъ,іы,іь,іэ,ію,ія,і№,іё,іђ,іѓ,іє,іѕ,іі,ії,іј,іљ,іњ,іћ,іќ,і§,іў
87,їЁ,їЂ,їЃ,їЄ,їЅ,їІ,їЇ,їЈ,їЉ,їЊ,їЋ,їЌ,ї­,їЎ,їЏ,їА,їБ,їВ,їГ,їД,їЕ,їЖ,їЗ,їИ,їЙ,їК,їЛ,їМ,їН,їО,їП,їР,їС,їТ,їУ,їФ,їХ,їЦ,їЧ,їШ,їЩ,їЪ,їЫ,їЬ,їЭ,їЮ,їЯ,їа,їб,їв,їг,їд,їе,їж,їз,їи,їй,їк,їл,їм,їн,їо,їп,їр,їс,їт,їу,їф,їх,їц,їч,їш,їщ,їъ,їы,їь,їэ,їю,їя,ї№,їё,їђ,їѓ,їє,їѕ,їі,її,їј,їљ,їњ,їћ,їќ,ї§,їў
88,  ,  ,  ,  ,  ,  ,  ,  ,  ,  ,  ,  ,  ,  ,  ,  ,  ,  ,  ,  ,  ,  ,  ,  ,  ,  ,  ,  ,  ,  ,  ,  ,  ,  ,  ,  ,  ,  ,  ,  ,  ,  ,  ,  ,  ,  ,  ,  ,  ,  ,  ,  ,  ,  ,  ,  ,  ,  ,  ,  ,  ,  ,  ,  ,  ,  ,  ,  ,  ,  ,  ,  ,  ,  ,  ,  ,  ,  ,  ,  ,  ,  ,  ,  ,  ,  ,  ,  ,  ,  ,  ,  ,  ,  
89,  ,  ,  ,  ,  ,  ,  ,  ,  ,  ,  ,  ,  ,  ,  ,  ,  ,  ,  ,  ,  ,  ,  ,  ,  ,  ,  ,  ,  ,  ,  ,  ,  ,  ,  ,  ,  ,  ,  ,  ,  ,  ,  ,  ,  ,  ,  ,  ,  ,  ,  ,  ,  ,  ,  ,  ,  ,  ,  ,  ,  ,  ,  ,  ,  ,  ,  ,  ,  ,  ,  ,  ,  ,  ,  ,  ,  ,  ,  ,  ,  ,  ,  ,  ,  ,  ,  ,  ,  ,  ,  ,  ,  ,  
90,  ,  ,  ,  ,  ,  ,  ,  ,  ,  ,  ,  ,  ,  ,  ,  ,  ,  ,  ,  ,  ,  ,  ,  ,  ,  ,  ,  ,  ,  ,  ,  ,  ,  ,  ,  ,  ,  ,  ,  ,  ,  ,  ,  ,  ,  ,  ,  ,  ,  ,  ,  ,  ,  ,  ,  ,  ,  ,  ,  ,  ,  ,  ,  ,  ,  ,  ,  ,  ,  ,  ,  ,  ,  ,  ,  ,  ,  ,  ,  ,  ,  ,  ,  ,  ,  ,  ,  ,  ,  ,  ,  ,  ,  

Чј,1,2,3,4,5,6,7,8,9,10,11,12,13,14,15,16,17,18,19,20,21,22,23,24,25,26,27,28,29,30,31,32,33,34,35,36,37,38,39,40,41,42,43,44,45,46,47,48,49,50,51,52,53,54,55,56,57,58,59,60,61,62,63,64,65,66,67,68,69,70,71,72,73,74,75,76,77,78,79,80,81,82,83,84,85,86,87,88,89,90,91,92,93,94
91,  ,  ,  ,  ,  ,  ,  ,  ,  ,  ,  ,  ,  ,  ,  ,  ,  ,  ,  ,  ,  ,  ,  ,  ,  ,  ,  ,  ,  ,  ,  ,  ,  ,  ,  ,  ,  ,  ,  ,  ,  ,  ,  ,  ,  ,  ,  ,  ,  ,  ,  ,  ,  ,  ,  ,  ,  ,  ,  ,  ,  ,  ,  ,  ,  ,  ,  ,  ,  ,  ,  ,  ,  ,  ,  ,  ,  ,  ,  ,  ,  ,  ,  ,  ,  ,  ,  ,  ,  ,  ,  ,  ,  ,  
92,  ,  ,  ,  ,  ,  ,  ,  ,  ,  ,  ,  ,  ,  ,  ,  ,  ,  ,  ,  ,  ,  ,  ,  ,  ,  ,  ,  ,  ,  ,  ,  ,  ,  ,  ,  ,  ,  ,  ,  ,  ,  ,  ,  ,  ,  ,  ,  ,  ,  ,  ,  ,  ,  ,  ,  ,  ,  ,  ,  ,  ,  ,  ,  ,  ,  ,  ,  ,  ,  ,  ,  ,  ,  ,  ,  ,  ,  ,  ,  ,  ,  ,  ,  ,  ,  ,  ,  ,  ,  ,  ,  ,  ,  
93,  ,  ,  ,  ,  ,  ,  ,  ,  ,  ,  ,  ,  ,  ,  ,  ,  ,  ,  ,  ,  ,  ,  ,  ,  ,  ,  ,  ,  ,  ,  ,  ,  ,  ,  ,  ,  ,  ,  ,  ,  ,  ,  ,  ,  ,  ,  ,  ,  ,  ,  ,  ,  ,  ,  ,  ,  ,  ,  ,  ,  ,  ,  ,  ,  ,  ,  ,  ,  ,  ,  ,  ,  ,  ,  ,  ,  ,  ,  ,  ,  ,  ,  ,  ,  ,  ,  ,  ,  ,  ,  ,  ,  ,  
94,  ,  ,  ,  ,  ,  ,  ,  ,  ,  ,  ,  ,  ,  ,  ,  ,  ,  ,  ,  ,  ,  ,  ,  ,  ,  ,  ,  ,  ,  ,  ,  ,  ,  ,  ,  ,  ,  ,  ,  ,  ,  ,  ,  ,  ,  ,  ,  ,  ,  ,  ,  ,  ,  ,  ,  ,  ,  ,  ,  ,  ,  ,  ,  ,  ,  ,  ,  ,  ,  ,  ,  ,  ,  ,  ,  ,  ,  ,  ,  ,  ,  ,  ,  ,  ,  ,  ,  ,  ,  ,  ,  ,  ,  
